{"cameraMode":{"drawMode":0,"name":"Shaded","section":"Shading Mode"},"sceneLighting":true,"audioPlay":false,"sceneViewState":{"showFog":true,"showMaterialUpdate":false,"showSkybox":false,"showFlares":true,"showImageEffects":true,"showParticleSystems":true},"in2DMode":false,"pivot":{"x":0.031199932098388673,"y":10.574339866638184,"z":-0.5912008285522461},"rotation":{"x":-0.06651344895362854,"y":0.913232684135437,"z":-0.3661441206932068,"w":-0.1658964455127716},"size":7.069924831390381,"orthographic":false}