{"cameraMode":{"drawMode":0,"name":"Shaded","section":"Shading Mode"},"sceneLighting":true,"audioPlay":false,"sceneViewState":{"showFog":true,"showMaterialUpdate":false,"showSkybox":false,"showFlares":true,"showImageEffects":true,"showParticleSystems":true},"in2DMode":false,"pivot":{"x":53.959800720214847,"y":80.5981674194336,"z":490.93682861328127},"rotation":{"x":-0.06624764949083328,"y":-0.020356353372335435,"z":0.0013505455572158099,"w":-0.9975996613502502},"size":342.5326232910156,"orthographic":false}